Year,Quarter,Type_of_application,Institution_type_group,Institution_type, Applications 
2010,2010 Q1,Visa,Higher Education institution,Non Russell Group Universities,741
2010,2010 Q1,Visa,Higher Education institution,Russell Group Universities,364
2010,2010 Q1,Visa,All other institutions,English language school,2632
2010,2010 Q1,Visa,All other institutions,Independent school,325
2010,2010 Q1,Visa,All other institutions,Other,388
2010,2010 Q1,Visa,All other institutions,"Tertiary, Further education or other colleges",2645
2010,2010 Q1,Extensions of stay,Higher Education institution,Non Russell Group Universities,450
2010,2010 Q1,Extensions of stay,Higher Education institution,Russell Group Universities,211
2010,2010 Q1,Extensions of stay,All other institutions,English language school,345
2010,2010 Q1,Extensions of stay,All other institutions,Independent school,55
2010,2010 Q1,Extensions of stay,All other institutions,Other,38
2010,2010 Q1,Extensions of stay,All other institutions,"Tertiary, Further education or other colleges",677
2010,2010 Q2,Visa,Higher Education institution,Non Russell Group Universities,8751
2010,2010 Q2,Visa,Higher Education institution,Russell Group Universities,4735
2010,2010 Q2,Visa,All other institutions,English language school,4879
2010,2010 Q2,Visa,All other institutions,Independent school,2132
2010,2010 Q2,Visa,All other institutions,Other,1818
2010,2010 Q2,Visa,All other institutions,"Tertiary, Further education or other colleges",11042
2010,2010 Q2,Extensions of stay,Higher Education institution,Non Russell Group Universities,3951
2010,2010 Q2,Extensions of stay,Higher Education institution,Russell Group Universities,1122
2010,2010 Q2,Extensions of stay,All other institutions,English language school,2032
2010,2010 Q2,Extensions of stay,All other institutions,Independent school,315
2010,2010 Q2,Extensions of stay,All other institutions,Other,622
2010,2010 Q2,Extensions of stay,All other institutions,"Tertiary, Further education or other colleges",7909
2010,2010 Q3,Visa,Higher Education institution,Non Russell Group Universities,67467
2010,2010 Q3,Visa,Higher Education institution,Russell Group Universities,45776
2010,2010 Q3,Visa,All other institutions,English language school,6427
2010,2010 Q3,Visa,All other institutions,Independent school,9456
2010,2010 Q3,Visa,All other institutions,Other,2988
2010,2010 Q3,Visa,All other institutions,"Tertiary, Further education or other colleges",28307
2010,2010 Q3,Extensions of stay,Higher Education institution,Non Russell Group Universities,6641
2010,2010 Q3,Extensions of stay,Higher Education institution,Russell Group Universities,2142
2010,2010 Q3,Extensions of stay,All other institutions,English language school,1994
2010,2010 Q3,Extensions of stay,All other institutions,Independent school,537
2010,2010 Q3,Extensions of stay,All other institutions,Other,737
2010,2010 Q3,Extensions of stay,All other institutions,"Tertiary, Further education or other colleges",9733
2010,2010 Q4,Visa,Higher Education institution,Non Russell Group Universities,11698
2010,2010 Q4,Visa,Higher Education institution,Russell Group Universities,3645
2010,2010 Q4,Visa,All other institutions,English language school,5315
2010,2010 Q4,Visa,All other institutions,Independent school,2566
2010,2010 Q4,Visa,All other institutions,Other,1672
2010,2010 Q4,Visa,All other institutions,"Tertiary, Further education or other colleges",23398
2010,2010 Q4,Extensions of stay,Higher Education institution,Non Russell Group Universities,19141
2010,2010 Q4,Extensions of stay,Higher Education institution,Russell Group Universities,9629
2010,2010 Q4,Extensions of stay,All other institutions,English language school,1953
2010,2010 Q4,Extensions of stay,All other institutions,Independent school,947
2010,2010 Q4,Extensions of stay,All other institutions,Other,821
2010,2010 Q4,Extensions of stay,All other institutions,"Tertiary, Further education or other colleges",12228
2011,2011 Q1,Visa,Higher Education institution,Non Russell Group Universities,10312
2011,2011 Q1,Visa,Higher Education institution,Russell Group Universities,2295
2011,2011 Q1,Visa,All other institutions,English language school,5749
2011,2011 Q1,Visa,All other institutions,Independent school,2474
2011,2011 Q1,Visa,All other institutions,Other,2127
2011,2011 Q1,Visa,All other institutions,"Tertiary, Further education or other colleges",35969
2011,2011 Q1,Extensions of stay,Higher Education institution,Non Russell Group Universities,10148
2011,2011 Q1,Extensions of stay,Higher Education institution,Russell Group Universities,3563
2011,2011 Q1,Extensions of stay,All other institutions,English language school,2288
2011,2011 Q1,Extensions of stay,All other institutions,Independent school,580
2011,2011 Q1,Extensions of stay,All other institutions,Other,1262
2011,2011 Q1,Extensions of stay,All other institutions,"Tertiary, Further education or other colleges",17257
2011,2011 Q2,Visa,Higher Education institution,Non Russell Group Universities,12850
2011,2011 Q2,Visa,Higher Education institution,Russell Group Universities,7166
2011,2011 Q2,Visa,All other institutions,English language school,3077
2011,2011 Q2,Visa,All other institutions,Independent school,2902
2011,2011 Q2,Visa,All other institutions,Other,1894
2011,2011 Q2,Visa,All other institutions,"Tertiary, Further education or other colleges",25889
2011,2011 Q2,Extensions of stay,Higher Education institution,Non Russell Group Universities,3819
2011,2011 Q2,Extensions of stay,Higher Education institution,Russell Group Universities,1066
2011,2011 Q2,Extensions of stay,All other institutions,English language school,1307
2011,2011 Q2,Extensions of stay,All other institutions,Independent school,375
2011,2011 Q2,Extensions of stay,All other institutions,Other,860
2011,2011 Q2,Extensions of stay,All other institutions,"Tertiary, Further education or other colleges",10337
2011,2011 Q3,Visa,Higher Education institution,Non Russell Group Universities,60932
2011,2011 Q3,Visa,Higher Education institution,Russell Group Universities,45736
2011,2011 Q3,Visa,All other institutions,English language school,1803
2011,2011 Q3,Visa,All other institutions,Independent school,9002
2011,2011 Q3,Visa,All other institutions,Other,1758
2011,2011 Q3,Visa,All other institutions,"Tertiary, Further education or other colleges",15115
2011,2011 Q3,Extensions of stay,Higher Education institution,Non Russell Group Universities,5525
2011,2011 Q3,Extensions of stay,Higher Education institution,Russell Group Universities,2077
2011,2011 Q3,Extensions of stay,All other institutions,English language school,720
2011,2011 Q3,Extensions of stay,All other institutions,Independent school,449
2011,2011 Q3,Extensions of stay,All other institutions,Other,393
2011,2011 Q3,Extensions of stay,All other institutions,"Tertiary, Further education or other colleges",7888
2011,2011 Q4,Visa,Higher Education institution,Non Russell Group Universities,10212
2011,2011 Q4,Visa,Higher Education institution,Russell Group Universities,3033
2011,2011 Q4,Visa,All other institutions,English language school,847
2011,2011 Q4,Visa,All other institutions,Independent school,1791
2011,2011 Q4,Visa,All other institutions,Other,731
2011,2011 Q4,Visa,All other institutions,"Tertiary, Further education or other colleges",7020
2011,2011 Q4,Extensions of stay,Higher Education institution,Non Russell Group Universities,19182
2011,2011 Q4,Extensions of stay,Higher Education institution,Russell Group Universities,10551
2011,2011 Q4,Extensions of stay,All other institutions,English language school,605
2011,2011 Q4,Extensions of stay,All other institutions,Independent school,751
2011,2011 Q4,Extensions of stay,All other institutions,Other,483
2011,2011 Q4,Extensions of stay,All other institutions,"Tertiary, Further education or other colleges",5784
2012,2012 Q1,Visa,Higher Education institution,Non Russell Group Universities,8373
2012,2012 Q1,Visa,Higher Education institution,Russell Group Universities,1888
2012,2012 Q1,Visa,All other institutions,English language school,743
2012,2012 Q1,Visa,All other institutions,Independent school,1142
2012,2012 Q1,Visa,All other institutions,Other,500
2012,2012 Q1,Visa,All other institutions,"Tertiary, Further education or other colleges",6684
2012,2012 Q1,Extensions of stay,Higher Education institution,Non Russell Group Universities,8562
2012,2012 Q1,Extensions of stay,Higher Education institution,Russell Group Universities,3384
2012,2012 Q1,Extensions of stay,All other institutions,English language school,650
2012,2012 Q1,Extensions of stay,All other institutions,Independent school,592
2012,2012 Q1,Extensions of stay,All other institutions,Other,526
2012,2012 Q1,Extensions of stay,All other institutions,"Tertiary, Further education or other colleges",7555
2012,2012 Q2,Visa,Higher Education institution,Non Russell Group Universities,15103
2012,2012 Q2,Visa,Higher Education institution,Russell Group Universities,8904
2012,2012 Q2,Visa,All other institutions,English language school,682
2012,2012 Q2,Visa,All other institutions,Independent school,2238
2012,2012 Q2,Visa,All other institutions,Other,949
2012,2012 Q2,Visa,All other institutions,"Tertiary, Further education or other colleges",6504
2012,2012 Q2,Extensions of stay,Higher Education institution,Non Russell Group Universities,4171
2012,2012 Q2,Extensions of stay,Higher Education institution,Russell Group Universities,1168
2012,2012 Q2,Extensions of stay,All other institutions,English language school,414
2012,2012 Q2,Extensions of stay,All other institutions,Independent school,395
2012,2012 Q2,Extensions of stay,All other institutions,Other,313
2012,2012 Q2,Extensions of stay,All other institutions,"Tertiary, Further education or other colleges",5496
2012,2012 Q3,Visa,Higher Education institution,Non Russell Group Universities,60901
2012,2012 Q3,Visa,Higher Education institution,Russell Group Universities,47462
2012,2012 Q3,Visa,All other institutions,English language school,1478
2012,2012 Q3,Visa,All other institutions,Independent school,8917
2012,2012 Q3,Visa,All other institutions,Other,1416
2012,2012 Q3,Visa,All other institutions,"Tertiary, Further education or other colleges",13472
2012,2012 Q3,Extensions of stay,Higher Education institution,Non Russell Group Universities,4403
2012,2012 Q3,Extensions of stay,Higher Education institution,Russell Group Universities,1631
2012,2012 Q3,Extensions of stay,All other institutions,English language school,415
2012,2012 Q3,Extensions of stay,All other institutions,Independent school,505
2012,2012 Q3,Extensions of stay,All other institutions,Other,352
2012,2012 Q3,Extensions of stay,All other institutions,"Tertiary, Further education or other colleges",8123
2012,2012 Q4,Visa,Higher Education institution,Non Russell Group Universities,10776
2012,2012 Q4,Visa,Higher Education institution,Russell Group Universities,3220
2012,2012 Q4,Visa,All other institutions,English language school,686
2012,2012 Q4,Visa,All other institutions,Independent school,1640
2012,2012 Q4,Visa,All other institutions,Other,683
2012,2012 Q4,Visa,All other institutions,"Tertiary, Further education or other colleges",5746
2012,2012 Q4,Extensions of stay,Higher Education institution,Non Russell Group Universities,14157
2012,2012 Q4,Extensions of stay,Higher Education institution,Russell Group Universities,8657
2012,2012 Q4,Extensions of stay,All other institutions,English language school,280
2012,2012 Q4,Extensions of stay,All other institutions,Independent school,653
2012,2012 Q4,Extensions of stay,All other institutions,Other,284
2012,2012 Q4,Extensions of stay,All other institutions,"Tertiary, Further education or other colleges",7036
2013,2013 Q1,Visa,Higher Education institution,Non Russell Group Universities,8981
2013,2013 Q1,Visa,Higher Education institution,Russell Group Universities,1990
2013,2013 Q1,Visa,All other institutions,English language school,624
2013,2013 Q1,Visa,All other institutions,Independent school,1003
2013,2013 Q1,Visa,All other institutions,Other,463
2013,2013 Q1,Visa,All other institutions,"Tertiary, Further education or other colleges",3910
2013,2013 Q1,Extensions of stay,Higher Education institution,Non Russell Group Universities,14738
2013,2013 Q1,Extensions of stay,Higher Education institution,Russell Group Universities,5437
2013,2013 Q1,Extensions of stay,All other institutions,English language school,512
2013,2013 Q1,Extensions of stay,All other institutions,Independent school,750
2013,2013 Q1,Extensions of stay,All other institutions,Other,497
2013,2013 Q1,Extensions of stay,All other institutions,"Tertiary, Further education or other colleges",9715
2013,2013 Q2,Visa,Higher Education institution,Non Russell Group Universities,16074
2013,2013 Q2,Visa,Higher Education institution,Russell Group Universities,10427
2013,2013 Q2,Visa,All other institutions,English language school,635
2013,2013 Q2,Visa,All other institutions,Independent school,2218
2013,2013 Q2,Visa,All other institutions,Other,897
2013,2013 Q2,Visa,All other institutions,"Tertiary, Further education or other colleges",3250
2013,2013 Q2,Extensions of stay,Higher Education institution,Non Russell Group Universities,3502
2013,2013 Q2,Extensions of stay,Higher Education institution,Russell Group Universities,898
2013,2013 Q2,Extensions of stay,All other institutions,English language school,231
2013,2013 Q2,Extensions of stay,All other institutions,Independent school,518
2013,2013 Q2,Extensions of stay,All other institutions,Other,376
2013,2013 Q2,Extensions of stay,All other institutions,"Tertiary, Further education or other colleges",7890
2013,2013 Q3,Visa,Higher Education institution,Non Russell Group Universities,63174
2013,2013 Q3,Visa,Higher Education institution,Russell Group Universities,52613
2013,2013 Q3,Visa,All other institutions,English language school,1501
2013,2013 Q3,Visa,All other institutions,Independent school,8902
2013,2013 Q3,Visa,All other institutions,Other,1442
2013,2013 Q3,Visa,All other institutions,"Tertiary, Further education or other colleges",10239
2013,2013 Q3,Extensions of stay,Higher Education institution,Non Russell Group Universities,5711
2013,2013 Q3,Extensions of stay,Higher Education institution,Russell Group Universities,2220
2013,2013 Q3,Extensions of stay,All other institutions,English language school,218
2013,2013 Q3,Extensions of stay,All other institutions,Independent school,476
2013,2013 Q3,Extensions of stay,All other institutions,Other,649
2013,2013 Q3,Extensions of stay,All other institutions,"Tertiary, Further education or other colleges",6697
2013,2013 Q4,Visa,Higher Education institution,Non Russell Group Universities,11337
2013,2013 Q4,Visa,Higher Education institution,Russell Group Universities,3394
2013,2013 Q4,Visa,All other institutions,English language school,772
2013,2013 Q4,Visa,All other institutions,Independent school,1494
2013,2013 Q4,Visa,All other institutions,Other,715
2013,2013 Q4,Visa,All other institutions,"Tertiary, Further education or other colleges",4044
2013,2013 Q4,Extensions of stay,Higher Education institution,Non Russell Group Universities,23019
2013,2013 Q4,Extensions of stay,Higher Education institution,Russell Group Universities,13575
2013,2013 Q4,Extensions of stay,All other institutions,English language school,302
2013,2013 Q4,Extensions of stay,All other institutions,Independent school,795
2013,2013 Q4,Extensions of stay,All other institutions,Other,590
2013,2013 Q4,Extensions of stay,All other institutions,"Tertiary, Further education or other colleges",8713
2014,2014 Q1,Visa,Higher Education institution,Non Russell Group Universities,8988
2014,2014 Q1,Visa,Higher Education institution,Russell Group Universities,2058
2014,2014 Q1,Visa,All other institutions,English language school,507
2014,2014 Q1,Visa,All other institutions,Independent school,878
2014,2014 Q1,Visa,All other institutions,Other,438
2014,2014 Q1,Visa,All other institutions,"Tertiary, Further education or other colleges",3005
2014,2014 Q1,Extensions of stay,Higher Education institution,Non Russell Group Universities,7272
2014,2014 Q1,Extensions of stay,Higher Education institution,Russell Group Universities,2263
2014,2014 Q1,Extensions of stay,All other institutions,English language school,182
2014,2014 Q1,Extensions of stay,All other institutions,Independent school,242
2014,2014 Q1,Extensions of stay,All other institutions,Other,254
2014,2014 Q1,Extensions of stay,All other institutions,"Tertiary, Further education or other colleges",5703
2014,2014 Q2,Visa,Higher Education institution,Non Russell Group Universities,15367
2014,2014 Q2,Visa,Higher Education institution,Russell Group Universities,10168
2014,2014 Q2,Visa,All other institutions,English language school,510
2014,2014 Q2,Visa,All other institutions,Independent school,1817
2014,2014 Q2,Visa,All other institutions,Other,840
2014,2014 Q2,Visa,All other institutions,"Tertiary, Further education or other colleges",2518
2014,2014 Q2,Extensions of stay,Higher Education institution,Non Russell Group Universities,3215
2014,2014 Q2,Extensions of stay,Higher Education institution,Russell Group Universities,865
2014,2014 Q2,Extensions of stay,All other institutions,English language school,126
2014,2014 Q2,Extensions of stay,All other institutions,Independent school,201
2014,2014 Q2,Extensions of stay,All other institutions,Other,228
2014,2014 Q2,Extensions of stay,All other institutions,"Tertiary, Further education or other colleges",4024
2014,2014 Q3,Visa,Higher Education institution,Non Russell Group Universities,64065
2014,2014 Q3,Visa,Higher Education institution,Russell Group Universities,55687
2014,2014 Q3,Visa,All other institutions,English language school,1613
2014,2014 Q3,Visa,All other institutions,Independent school,9851
2014,2014 Q3,Visa,All other institutions,Other,1257
2014,2014 Q3,Visa,All other institutions,"Tertiary, Further education or other colleges",10469
2014,2014 Q3,Extensions of stay,Higher Education institution,Non Russell Group Universities,4839
2014,2014 Q3,Extensions of stay,Higher Education institution,Russell Group Universities,3019
2014,2014 Q3,Extensions of stay,All other institutions,English language school,99
2014,2014 Q3,Extensions of stay,All other institutions,Independent school,304
2014,2014 Q3,Extensions of stay,All other institutions,Other,93
2014,2014 Q3,Extensions of stay,All other institutions,"Tertiary, Further education or other colleges",1770
2014,2014 Q4,Visa,Higher Education institution,Non Russell Group Universities,9169
2014,2014 Q4,Visa,Higher Education institution,Russell Group Universities,3059
2014,2014 Q4,Visa,All other institutions,English language school,721
2014,2014 Q4,Visa,All other institutions,Independent school,1488
2014,2014 Q4,Visa,All other institutions,Other,576
2014,2014 Q4,Visa,All other institutions,"Tertiary, Further education or other colleges",3372
2014,2014 Q4,Extensions of stay,Higher Education institution,Non Russell Group Universities,19990
2014,2014 Q4,Extensions of stay,Higher Education institution,Russell Group Universities,14208
2014,2014 Q4,Extensions of stay,All other institutions,English language school,230
2014,2014 Q4,Extensions of stay,All other institutions,Independent school,761
2014,2014 Q4,Extensions of stay,All other institutions,Other,154
2014,2014 Q4,Extensions of stay,All other institutions,"Tertiary, Further education or other colleges",3001
2015,2015 Q1,Visa,Higher Education institution,Non Russell Group Universities,7103
2015,2015 Q1,Visa,Higher Education institution,Russell Group Universities,1862
2015,2015 Q1,Visa,All other institutions,English language school,491
2015,2015 Q1,Visa,All other institutions,Independent school,828
2015,2015 Q1,Visa,All other institutions,Other,358
2015,2015 Q1,Visa,All other institutions,"Tertiary, Further education or other colleges",1938
2015,2015 Q1,Extensions of stay,Higher Education institution,Non Russell Group Universities,5724
2015,2015 Q1,Extensions of stay,Higher Education institution,Russell Group Universities,1929
2015,2015 Q1,Extensions of stay,All other institutions,English language school,177
2015,2015 Q1,Extensions of stay,All other institutions,Independent school,191
2015,2015 Q1,Extensions of stay,All other institutions,Other,47
2015,2015 Q1,Extensions of stay,All other institutions,"Tertiary, Further education or other colleges",2161
2015,2015 Q2,Visa,Higher Education institution,Non Russell Group Universities,14440
2015,2015 Q2,Visa,Higher Education institution,Russell Group Universities,12039
2015,2015 Q2,Visa,All other institutions,English language school,420
2015,2015 Q2,Visa,All other institutions,Independent school,1630
2015,2015 Q2,Visa,All other institutions,Other,696
2015,2015 Q2,Visa,All other institutions,"Tertiary, Further education or other colleges",1393
2015,2015 Q2,Extensions of stay,Higher Education institution,Non Russell Group Universities,2261
2015,2015 Q2,Extensions of stay,Higher Education institution,Russell Group Universities,880
2015,2015 Q2,Extensions of stay,All other institutions,English language school,97
2015,2015 Q2,Extensions of stay,All other institutions,Independent school,152
2015,2015 Q2,Extensions of stay,All other institutions,Other,83
2015,2015 Q2,Extensions of stay,All other institutions,"Tertiary, Further education or other colleges",1146
2015,2015 Q3,Visa,Higher Education institution,Non Russell Group Universities,61622
2015,2015 Q3,Visa,Higher Education institution,Russell Group Universities,58918
2015,2015 Q3,Visa,All other institutions,English language school,1429
2015,2015 Q3,Visa,All other institutions,Independent school,9820
2015,2015 Q3,Visa,All other institutions,Other,1280
2015,2015 Q3,Visa,All other institutions,"Tertiary, Further education or other colleges",9485
2015,2015 Q3,Extensions of stay,Higher Education institution,Non Russell Group Universities,4674
2015,2015 Q3,Extensions of stay,Higher Education institution,Russell Group Universities,2928
2015,2015 Q3,Extensions of stay,All other institutions,English language school,78
2015,2015 Q3,Extensions of stay,All other institutions,Independent school,274
2015,2015 Q3,Extensions of stay,All other institutions,Other,40
2015,2015 Q3,Extensions of stay,All other institutions,"Tertiary, Further education or other colleges",913
2015,2015 Q4,Visa,Higher Education institution,Non Russell Group Universities,7560
2015,2015 Q4,Visa,Higher Education institution,Russell Group Universities,2809
2015,2015 Q4,Visa,All other institutions,English language school,590
2015,2015 Q4,Visa,All other institutions,Independent school,1396
2015,2015 Q4,Visa,All other institutions,Other,476
2015,2015 Q4,Visa,All other institutions,"Tertiary, Further education or other colleges",3165
2015,2015 Q4,Extensions of stay,Higher Education institution,Non Russell Group Universities,16794
2015,2015 Q4,Extensions of stay,Higher Education institution,Russell Group Universities,14381
2015,2015 Q4,Extensions of stay,All other institutions,English language school,117
2015,2015 Q4,Extensions of stay,All other institutions,Independent school,568
2015,2015 Q4,Extensions of stay,All other institutions,Other,44
2015,2015 Q4,Extensions of stay,All other institutions,"Tertiary, Further education or other colleges",653
2016,2016 Q1,Visa,Higher Education institution,Non Russell Group Universities,5094
2016,2016 Q1,Visa,Higher Education institution,Russell Group Universities,1637
2016,2016 Q1,Visa,All other institutions,English language school,230
2016,2016 Q1,Visa,All other institutions,Independent school,720
2016,2016 Q1,Visa,All other institutions,Other,167
2016,2016 Q1,Visa,All other institutions,"Tertiary, Further education or other colleges",1464
2016,2016 Q1,Extensions of stay,Higher Education institution,Non Russell Group Universities,3995
2016,2016 Q1,Extensions of stay,Higher Education institution,Russell Group Universities,1519
2016,2016 Q1,Extensions of stay,All other institutions,English language school,12
2016,2016 Q1,Extensions of stay,All other institutions,Independent school,95
2016,2016 Q1,Extensions of stay,All other institutions,Other,11
2016,2016 Q1,Extensions of stay,All other institutions,"Tertiary, Further education or other colleges",316
2016,2016 Q2,Visa,Higher Education institution,Non Russell Group Universities,13032
2016,2016 Q2,Visa,Higher Education institution,Russell Group Universities,12661
2016,2016 Q2,Visa,All other institutions,English language school,196
2016,2016 Q2,Visa,All other institutions,Independent school,1783
2016,2016 Q2,Visa,All other institutions,Other,706
2016,2016 Q2,Visa,All other institutions,"Tertiary, Further education or other colleges",1734
2016,2016 Q2,Extensions of stay,Higher Education institution,Non Russell Group Universities,1547
2016,2016 Q2,Extensions of stay,Higher Education institution,Russell Group Universities,732
2016,2016 Q2,Extensions of stay,All other institutions,English language school,5
2016,2016 Q2,Extensions of stay,All other institutions,Independent school,60
2016,2016 Q2,Extensions of stay,All other institutions,Other,6
2016,2016 Q2,Extensions of stay,All other institutions,"Tertiary, Further education or other colleges",65
2016,2016 Q3,Visa,Higher Education institution,Non Russell Group Universities,61320
2016,2016 Q3,Visa,Higher Education institution,Russell Group Universities,63083
2016,2016 Q3,Visa,All other institutions,English language school,1776
2016,2016 Q3,Visa,All other institutions,Independent school,9441
2016,2016 Q3,Visa,All other institutions,Other,1139
2016,2016 Q3,Visa,All other institutions,"Tertiary, Further education or other colleges",8462
2016,2016 Q3,Extensions of stay,Higher Education institution,Non Russell Group Universities,2963
2016,2016 Q3,Extensions of stay,Higher Education institution,Russell Group Universities,2243
2016,2016 Q3,Extensions of stay,All other institutions,English language school,5
2016,2016 Q3,Extensions of stay,All other institutions,Independent school,210
2016,2016 Q3,Extensions of stay,All other institutions,Other,23
2016,2016 Q3,Extensions of stay,All other institutions,"Tertiary, Further education or other colleges",212
2016,2016 Q4,Visa,Higher Education institution,Non Russell Group Universities,7742
2016,2016 Q4,Visa,Higher Education institution,Russell Group Universities,2978
2016,2016 Q4,Visa,All other institutions,English language school,626
2016,2016 Q4,Visa,All other institutions,Independent school,1430
2016,2016 Q4,Visa,All other institutions,Other,493
2016,2016 Q4,Visa,All other institutions,"Tertiary, Further education or other colleges",2926
2016,2016 Q4,Extensions of stay,Higher Education institution,Non Russell Group Universities,11480
2016,2016 Q4,Extensions of stay,Higher Education institution,Russell Group Universities,11514
2016,2016 Q4,Extensions of stay,All other institutions,English language school,19
2016,2016 Q4,Extensions of stay,All other institutions,Independent school,498
2016,2016 Q4,Extensions of stay,All other institutions,Other,20
2016,2016 Q4,Extensions of stay,All other institutions,"Tertiary, Further education or other colleges",210
2017,2017 Q1,Visa,Higher Education institution,Non Russell Group Universities,5834
2017,2017 Q1,Visa,Higher Education institution,Russell Group Universities,1940
2017,2017 Q1,Visa,All other institutions,English language school,357
2017,2017 Q1,Visa,All other institutions,Independent school,725
2017,2017 Q1,Visa,All other institutions,Other,245
2017,2017 Q1,Visa,All other institutions,"Tertiary, Further education or other colleges",1411
2017,2017 Q1,Extensions of stay,Higher Education institution,Non Russell Group Universities,3380
2017,2017 Q1,Extensions of stay,Higher Education institution,Russell Group Universities,1751
2017,2017 Q1,Extensions of stay,All other institutions,English language school,9
2017,2017 Q1,Extensions of stay,All other institutions,Independent school,122
2017,2017 Q1,Extensions of stay,All other institutions,Other,13
2017,2017 Q1,Extensions of stay,All other institutions,"Tertiary, Further education or other colleges",135
2017,2017 Q2,Visa,Higher Education institution,Non Russell Group Universities,13513
2017,2017 Q2,Visa,Higher Education institution,Russell Group Universities,14519
2017,2017 Q2,Visa,All other institutions,English language school,181
2017,2017 Q2,Visa,All other institutions,Independent school,1299
2017,2017 Q2,Visa,All other institutions,Other,730
2017,2017 Q2,Visa,All other institutions,"Tertiary, Further education or other colleges",1645
2017,2017 Q2,Extensions of stay,Higher Education institution,Non Russell Group Universities,946
2017,2017 Q2,Extensions of stay,Higher Education institution,Russell Group Universities,627
2017,2017 Q2,Extensions of stay,All other institutions,English language school,2
2017,2017 Q2,Extensions of stay,All other institutions,Independent school,64
2017,2017 Q2,Extensions of stay,All other institutions,Other,8
2017,2017 Q2,Extensions of stay,All other institutions,"Tertiary, Further education or other colleges",59
2017,2017 Q3,Visa,Higher Education institution,Non Russell Group Universities,63504
2017,2017 Q3,Visa,Higher Education institution,Russell Group Universities,67920
2017,2017 Q3,Visa,All other institutions,English language school,2591
2017,2017 Q3,Visa,All other institutions,Independent school,10332
2017,2017 Q3,Visa,All other institutions,Other,1132
2017,2017 Q3,Visa,All other institutions,"Tertiary, Further education or other colleges",8296
2017,2017 Q3,Extensions of stay,Higher Education institution,Non Russell Group Universities,3525
2017,2017 Q3,Extensions of stay,Higher Education institution,Russell Group Universities,3330
2017,2017 Q3,Extensions of stay,All other institutions,English language school,13
2017,2017 Q3,Extensions of stay,All other institutions,Independent school,248
2017,2017 Q3,Extensions of stay,All other institutions,Other,23
2017,2017 Q3,Extensions of stay,All other institutions,"Tertiary, Further education or other colleges",229
2017,2017 Q4,Visa,Higher Education institution,Non Russell Group Universities,7685
2017,2017 Q4,Visa,Higher Education institution,Russell Group Universities,2855
2017,2017 Q4,Visa,All other institutions,English language school,833
2017,2017 Q4,Visa,All other institutions,Independent school,1379
2017,2017 Q4,Visa,All other institutions,Other,465
2017,2017 Q4,Visa,All other institutions,"Tertiary, Further education or other colleges",2901
2017,2017 Q4,Extensions of stay,Higher Education institution,Non Russell Group Universities,12381
2017,2017 Q4,Extensions of stay,Higher Education institution,Russell Group Universities,13645
2017,2017 Q4,Extensions of stay,All other institutions,English language school,58
2017,2017 Q4,Extensions of stay,All other institutions,Independent school,481
2017,2017 Q4,Extensions of stay,All other institutions,Other,17
2017,2017 Q4,Extensions of stay,All other institutions,"Tertiary, Further education or other colleges",236
2018,2018 Q1,Visa,Higher Education institution,Non Russell Group Universities,6732
2018,2018 Q1,Visa,Higher Education institution,Russell Group Universities,1880
2018,2018 Q1,Visa,All other institutions,English language school,378
2018,2018 Q1,Visa,All other institutions,Independent school,646
2018,2018 Q1,Visa,All other institutions,Other,247
2018,2018 Q1,Visa,All other institutions,"Tertiary, Further education or other colleges",1609
2018,2018 Q1,Extensions of stay,Higher Education institution,Non Russell Group Universities,2552
2018,2018 Q1,Extensions of stay,Higher Education institution,Russell Group Universities,1445
2018,2018 Q1,Extensions of stay,All other institutions,English language school,12
2018,2018 Q1,Extensions of stay,All other institutions,Independent school,112
2018,2018 Q1,Extensions of stay,All other institutions,Other,3
2018,2018 Q1,Extensions of stay,All other institutions,"Tertiary, Further education or other colleges",186
2018,2018 Q2,Visa,Higher Education institution,Non Russell Group Universities,14343
2018,2018 Q2,Visa,Higher Education institution,Russell Group Universities,17280
2018,2018 Q2,Visa,All other institutions,English language school,248
2018,2018 Q2,Visa,All other institutions,Independent school,1709
2018,2018 Q2,Visa,All other institutions,Other,612
2018,2018 Q2,Visa,All other institutions,"Tertiary, Further education or other colleges",1483
2018,2018 Q2,Extensions of stay,Higher Education institution,Non Russell Group Universities,1115
2018,2018 Q2,Extensions of stay,Higher Education institution,Russell Group Universities,684
2018,2018 Q2,Extensions of stay,All other institutions,English language school,1
2018,2018 Q2,Extensions of stay,All other institutions,Independent school,52
2018,2018 Q2,Extensions of stay,All other institutions,Other,88
2018,2018 Q2,Extensions of stay,All other institutions,"Tertiary, Further education or other colleges",55
2018,2018 Q3,Visa,Higher Education institution,Non Russell Group Universities,68734
2018,2018 Q3,Visa,Higher Education institution,Russell Group Universities,74634
2018,2018 Q3,Visa,All other institutions,English language school,3028
2018,2018 Q3,Visa,All other institutions,Independent school,9572
2018,2018 Q3,Visa,All other institutions,Other,950
2018,2018 Q3,Visa,All other institutions,"Tertiary, Further education or other colleges",8512
2018,2018 Q3,Extensions of stay,Higher Education institution,Non Russell Group Universities,3002
2018,2018 Q3,Extensions of stay,Higher Education institution,Russell Group Universities,3159
2018,2018 Q3,Extensions of stay,All other institutions,English language school,24
2018,2018 Q3,Extensions of stay,All other institutions,Independent school,195
2018,2018 Q3,Extensions of stay,All other institutions,Other,15
2018,2018 Q3,Extensions of stay,All other institutions,"Tertiary, Further education or other colleges",181
2018,2018 Q4,Visa,Higher Education institution,Non Russell Group Universities,8459
2018,2018 Q4,Visa,Higher Education institution,Russell Group Universities,2797
2018,2018 Q4,Visa,All other institutions,English language school,869
2018,2018 Q4,Visa,All other institutions,Independent school,1187
2018,2018 Q4,Visa,All other institutions,Other,424
2018,2018 Q4,Visa,All other institutions,"Tertiary, Further education or other colleges",3153
2018,2018 Q4,Extensions of stay,Higher Education institution,Non Russell Group Universities,11181
2018,2018 Q4,Extensions of stay,Higher Education institution,Russell Group Universities,15402
2018,2018 Q4,Extensions of stay,All other institutions,English language school,20
2018,2018 Q4,Extensions of stay,All other institutions,Independent school,538
2018,2018 Q4,Extensions of stay,All other institutions,Other,23
2018,2018 Q4,Extensions of stay,All other institutions,"Tertiary, Further education or other colleges",241
2019,2019 Q1,Visa,Higher Education institution,Non Russell Group Universities,8236
2019,2019 Q1,Visa,Higher Education institution,Russell Group Universities,1867
2019,2019 Q1,Visa,All other institutions,English language school,371
2019,2019 Q1,Visa,All other institutions,Independent school,652
2019,2019 Q1,Visa,All other institutions,Other,260
2019,2019 Q1,Visa,All other institutions,"Tertiary, Further education or other colleges",1719
2019,2019 Q1,Extensions of stay,Higher Education institution,Non Russell Group Universities,2426
2019,2019 Q1,Extensions of stay,Higher Education institution,Russell Group Universities,1406
2019,2019 Q1,Extensions of stay,All other institutions,English language school,21
2019,2019 Q1,Extensions of stay,All other institutions,Independent school,70
2019,2019 Q1,Extensions of stay,All other institutions,Other,12
2019,2019 Q1,Extensions of stay,All other institutions,"Tertiary, Further education or other colleges",221
2019,2019 Q2,Visa,Higher Education institution,Non Russell Group Universities,15670
2019,2019 Q2,Visa,Higher Education institution,Russell Group Universities,21524
2019,2019 Q2,Visa,All other institutions,English language school,394
2019,2019 Q2,Visa,All other institutions,Independent school,1684
2019,2019 Q2,Visa,All other institutions,Other,586
2019,2019 Q2,Visa,All other institutions,"Tertiary, Further education or other colleges",1399
2019,2019 Q2,Extensions of stay,Higher Education institution,Non Russell Group Universities,1037
2019,2019 Q2,Extensions of stay,Higher Education institution,Russell Group Universities,617
2019,2019 Q2,Extensions of stay,All other institutions,English language school,18
2019,2019 Q2,Extensions of stay,All other institutions,Independent school,76
2019,2019 Q2,Extensions of stay,All other institutions,Other,8
2019,2019 Q2,Extensions of stay,All other institutions,"Tertiary, Further education or other colleges",94
2019,2019 Q3,Visa,Higher Education institution,Non Russell Group Universities,80569
2019,2019 Q3,Visa,Higher Education institution,Russell Group Universities,82925
2019,2019 Q3,Visa,All other institutions,English language school,5946
2019,2019 Q3,Visa,All other institutions,Independent school,10127
2019,2019 Q3,Visa,All other institutions,Other,1017
2019,2019 Q3,Visa,All other institutions,"Tertiary, Further education or other colleges",6952
2019,2019 Q3,Extensions of stay,Higher Education institution,Non Russell Group Universities,2639
2019,2019 Q3,Extensions of stay,Higher Education institution,Russell Group Universities,3547
2019,2019 Q3,Extensions of stay,All other institutions,English language school,69
2019,2019 Q3,Extensions of stay,All other institutions,Independent school,211
2019,2019 Q3,Extensions of stay,All other institutions,Other,22
2019,2019 Q3,Extensions of stay,All other institutions,"Tertiary, Further education or other colleges",143
2019,2019 Q4,Unknown,Higher Education institution,Non Russell Group Universities,23043
2019,2019 Q4,Unknown,Higher Education institution,Non Russell Group Universities,3163
2019,2019 Q4,Unknown,Higher Education institution,Russell Group Universities,19649
2019,2019 Q4,Unknown,Higher Education institution,Russell Group Universities,640
2019,2019 Q4,Unknown,All other institutions,English language school,2212
2019,2019 Q4,Unknown,All other institutions,English language school,246
2019,2019 Q4,Unknown,All other institutions,Independent School,1540
2019,2019 Q4,Unknown,All other institutions,Independent School,165
2019,2019 Q4,Unknown,All other institutions,Other,461
2019,2019 Q4,Unknown,All other institutions,Other,74
2019,2019 Q4,Unknown,All other institutions,"Tertiary, Further education or other colleges",2312
2019,2019 Q4,Unknown,All other institutions,"Tertiary, Further education or other colleges",355
2020,2020 Q1,Unknown,Higher Education institution,Non Russell Group Universities,9481
2020,2020 Q1,Unknown,Higher Education institution,Non Russell Group Universities,12861
2020,2020 Q1,Unknown,Higher Education institution,Non Russell Group Universities,1
2020,2020 Q1,Unknown,Higher Education institution,Russell Group Universities,1491
2020,2020 Q1,Unknown,Higher Education institution,Russell Group Universities,1320
2020,2020 Q1,Unknown,All other institutions,English language school,583
2020,2020 Q1,Unknown,All other institutions,English language school,869
2020,2020 Q1,Unknown,All other institutions,Independent School,258
2020,2020 Q1,Unknown,All other institutions,Independent School,384
2020,2020 Q1,Unknown,All other institutions,Other,114
2020,2020 Q1,Unknown,All other institutions,Other,131
2020,2020 Q1,Unknown,All other institutions,"Tertiary, Further education or other colleges",582
2020,2020 Q1,Unknown,All other institutions,"Tertiary, Further education or other colleges",648
2020,2020 Q2,Unknown,Higher Education institution,Non Russell Group Universities,117
2020,2020 Q2,Unknown,Higher Education institution,Non Russell Group Universities,204
2020,2020 Q2,Unknown,Higher Education institution,Russell Group Universities,67
2020,2020 Q2,Unknown,Higher Education institution,Russell Group Universities,108
2020,2020 Q2,Unknown,All other institutions,Independent School,1
2020,2020 Q2,Unknown,All other institutions,Independent School,421
2020,2020 Q2,Unknown,All other institutions,Other,22
2020,2020 Q2,Unknown,All other institutions,"Tertiary, Further education or other colleges",2
2020,2020 Q2,Unknown,All other institutions,"Tertiary, Further education or other colleges",7
2020,2020 Q3,Unknown,Higher Education institution,Non Russell Group Universities,1753
2020,2020 Q3,Unknown,Higher Education institution,Non Russell Group Universities,1631
2020,2020 Q3,Unknown,Higher Education institution,Non Russell Group Universities,43676
2020,2020 Q3,Unknown,Higher Education institution,Russell Group Universities,1247
2020,2020 Q3,Unknown,Higher Education institution,Russell Group Universities,1607
2020,2020 Q3,Unknown,Higher Education institution,Russell Group Universities,53855
2020,2020 Q3,Unknown,All other institutions,English language school,18
2020,2020 Q3,Unknown,All other institutions,English language school,51
2020,2020 Q3,Unknown,All other institutions,English language school,1245
2020,2020 Q3,Unknown,All other institutions,Independent School,175
2020,2020 Q3,Unknown,All other institutions,Independent School,3008
2020,2020 Q3,Unknown,All other institutions,Independent School,3374
2020,2020 Q3,Unknown,All other institutions,Other,17
2020,2020 Q3,Unknown,All other institutions,Other,166
2020,2020 Q3,Unknown,All other institutions,Other,257
2020,2020 Q3,Unknown,All other institutions,"Tertiary, Further education or other colleges",86
2020,2020 Q3,Unknown,All other institutions,"Tertiary, Further education or other colleges",148
2020,2020 Q3,Unknown,All other institutions,"Tertiary, Further education or other colleges",1805
2020,2020 Q4,Visa,Higher Education institution,Non Russell Group Universities,35279
2020,2020 Q4,Visa,Higher Education institution,Russell Group Universities,30486
2020,2020 Q4,Visa,All other institutions,English language school,1452
2020,2020 Q4,Visa,All other institutions,Independent School,1217
2020,2020 Q4,Visa,All other institutions,Other,189
2020,2020 Q4,Visa,All other institutions,"Tertiary, Further education or other colleges",2039
2020,2020 Q4,Unknown,Higher Education institution,Non Russell Group Universities,5
2020,2020 Q4,Unknown,Higher Education institution,Russell Group Universities,2
2020,2020 Q4,Extensions of stay,Higher Education institution,Non Russell Group Universities,9150
2020,2020 Q4,Extensions of stay,Higher Education institution,Russell Group Universities,7898
2020,2020 Q4,Extensions of stay,All other institutions,English language school,91
2020,2020 Q4,Extensions of stay,All other institutions,Independent School,753
2020,2020 Q4,Extensions of stay,All other institutions,Other,51
2020,2020 Q4,Extensions of stay,All other institutions,"Tertiary, Further education or other colleges",401
2021,2021 Q1,Visa,Higher Education institution,Non Russell Group Universities,28605
2021,2021 Q1,Visa,Higher Education institution,Russell Group Universities,4904
2021,2021 Q1,Visa,All other institutions,English language school,918
2021,2021 Q1,Visa,All other institutions,Independent School,1119
2021,2021 Q1,Visa,All other institutions,Other,99
2021,2021 Q1,Visa,All other institutions,"Tertiary, Further education or other colleges",1055
2021,2021 Q1,Unknown,Higher Education institution,Non Russell Group Universities,11
2021,2021 Q1,Extensions of stay,Higher Education institution,Non Russell Group Universities,3989
2021,2021 Q1,Extensions of stay,Higher Education institution,Russell Group Universities,1728
2021,2021 Q1,Extensions of stay,All other institutions,English language school,27
2021,2021 Q1,Extensions of stay,All other institutions,Independent School,339
2021,2021 Q1,Extensions of stay,All other institutions,Other,42
2021,2021 Q1,Extensions of stay,All other institutions,"Tertiary, Further education or other colleges",119
2021,2021 Q2,Visa,Higher Education institution,Non Russell Group Universities,10639
2021,2021 Q2,Visa,Higher Education institution,Russell Group Universities,6101
2021,2021 Q2,Visa,All other institutions,English language school,371
2021,2021 Q2,Visa,All other institutions,Independent School,2492
2021,2021 Q2,Visa,All other institutions,Other,387
2021,2021 Q2,Visa,All other institutions,"Tertiary, Further education or other colleges",882
2021,2021 Q2,Unknown,Higher Education institution,Non Russell Group Universities,1
2021,2021 Q2,Extensions of stay,Higher Education institution,Non Russell Group Universities,2367
2021,2021 Q2,Extensions of stay,Higher Education institution,Russell Group Universities,788
2021,2021 Q2,Extensions of stay,All other institutions,English language school,14
2021,2021 Q2,Extensions of stay,All other institutions,Independent School,180
2021,2021 Q2,Extensions of stay,All other institutions,Other,23
2021,2021 Q2,Extensions of stay,All other institutions,"Tertiary, Further education or other colleges",51
2021,2021 Q3,Visa,Higher Education institution,Non Russell Group Universities,104653
2021,2021 Q3,Visa,Higher Education institution,Russell Group Universities,104456
2021,2021 Q3,Visa,All other institutions,English language school,2997
2021,2021 Q3,Visa,All other institutions,Independent School,8929
2021,2021 Q3,Visa,All other institutions,Other,1418
2021,2021 Q3,Visa,All other institutions,"Tertiary, Further education or other colleges",5872
2021,2021 Q3,Unknown,All other institutions,Independent School,1
2021,2021 Q3,Extensions of stay,Higher Education institution,Non Russell Group Universities,4297
2021,2021 Q3,Extensions of stay,Higher Education institution,Russell Group Universities,4071
2021,2021 Q3,Extensions of stay,All other institutions,English language school,15
2021,2021 Q3,Extensions of stay,All other institutions,Independent School,523
2021,2021 Q3,Extensions of stay,All other institutions,Other,69
2021,2021 Q3,Extensions of stay,All other institutions,"Tertiary, Further education or other colleges",262
2021,2021 Q4,Visa,Higher Education institution,Non Russell Group Universities,41213
2021,2021 Q4,Visa,Higher Education institution,Russell Group Universities,15242
2021,2021 Q4,Visa,All other institutions,English language school,2550
2021,2021 Q4,Visa,All other institutions,Independent School,1370
2021,2021 Q4,Visa,All other institutions,Other,460
2021,2021 Q4,Visa,All other institutions,"Tertiary, Further education or other colleges",2801
2021,2021 Q4,Unknown,Higher Education institution,Non Russell Group Universities,1
2021,2021 Q4,Unknown,Higher Education institution,Russell Group Universities,2
2021,2021 Q4,Extensions of stay,Higher Education institution,Non Russell Group Universities,5881
2021,2021 Q4,Extensions of stay,Higher Education institution,Russell Group Universities,5689
2021,2021 Q4,Extensions of stay,All other institutions,English language school,44
2021,2021 Q4,Extensions of stay,All other institutions,Independent School,617
2021,2021 Q4,Extensions of stay,All other institutions,Other,45
2021,2021 Q4,Extensions of stay,All other institutions,"Tertiary, Further education or other colleges",266
2022,2022 Q1,Visa,Higher Education institution,Non Russell Group Universities,46537
2022,2022 Q1,Visa,Higher Education institution,Russell Group Universities,6174
2022,2022 Q1,Visa,All other institutions,English language school,2230
2022,2022 Q1,Visa,All other institutions,Independent School,1016
2022,2022 Q1,Visa,All other institutions,Other,268
2022,2022 Q1,Visa,All other institutions,Other,1
2022,2022 Q1,Visa,All other institutions,"Tertiary, Further education or other colleges",2006
2022,2022 Q1,Unknown,Higher Education institution,Non Russell Group Universities,1
2022,2022 Q1,Extensions of stay,Higher Education institution,Non Russell Group Universities,3808
2022,2022 Q1,Extensions of stay,Higher Education institution,Russell Group Universities,1879
2022,2022 Q1,Extensions of stay,All other institutions,English language school,101
2022,2022 Q1,Extensions of stay,All other institutions,Independent School,165
2022,2022 Q1,Extensions of stay,All other institutions,Other,52
2022,2022 Q1,Extensions of stay,All other institutions,"Tertiary, Further education or other colleges",197
2022,2022 Q2,Visa,Higher Education institution,Non Russell Group Universities,22972
2022,2022 Q2,Visa,Higher Education institution,Russell Group Universities,8702
2022,2022 Q2,Visa,All other institutions,English language school,438
2022,2022 Q2,Visa,All other institutions,Independent School,3028
2022,2022 Q2,Visa,All other institutions,Other,792
2022,2022 Q2,Visa,All other institutions,"Tertiary, Further education or other colleges",1727
2022,2022 Q2,Unknown,Higher Education institution,Non Russell Group Universities,4
2022,2022 Q2,Unknown,Higher Education institution,Russell Group Universities,4
2022,2022 Q2,Unknown,All other institutions,English language school,1
2022,2022 Q2,Unknown,All other institutions,"Tertiary, Further education or other colleges",1
2022,2022 Q2,Extensions of stay,Higher Education institution,Non Russell Group Universities,1568
2022,2022 Q2,Extensions of stay,Higher Education institution,Russell Group Universities,887
2022,2022 Q2,Extensions of stay,All other institutions,English language school,26
2022,2022 Q2,Extensions of stay,All other institutions,Independent School,181
2022,2022 Q2,Extensions of stay,All other institutions,Other,31
2022,2022 Q2,Extensions of stay,All other institutions,"Tertiary, Further education or other colleges",38
2022,2022 Q3,Visa,Higher Education institution,Non Russell Group Universities,161635
2022,2022 Q3,Visa,Higher Education institution,Russell Group Universities,116355
2022,2022 Q3,Visa,All other institutions,English language school,4854
2022,2022 Q3,Visa,All other institutions,Independent School,8954
2022,2022 Q3,Visa,All other institutions,Other,1744
2022,2022 Q3,Visa,All other institutions,"Tertiary, Further education or other colleges",9591
2022,2022 Q3,Unknown,Higher Education institution,Non Russell Group Universities,3
2022,2022 Q3,Unknown,Higher Education institution,Russell Group Universities,6
2022,2022 Q3,Unknown,All other institutions,English language school,1
2022,2022 Q3,Unknown,All other institutions,Independent School,1
2022,2022 Q3,Unknown,All other institutions,"Tertiary, Further education or other colleges",3
2022,2022 Q3,Extensions of stay,Higher Education institution,Non Russell Group Universities,4530
2022,2022 Q3,Extensions of stay,Higher Education institution,Russell Group Universities,7763
2022,2022 Q3,Extensions of stay,All other institutions,English language school,77
2022,2022 Q3,Extensions of stay,All other institutions,Independent School,836
2022,2022 Q3,Extensions of stay,All other institutions,Other,47
2022,2022 Q3,Extensions of stay,All other institutions,"Tertiary, Further education or other colleges",335
2022,2022 Q4,Visa,Higher Education institution,Non Russell Group Universities,68469
2022,2022 Q4,Visa,Higher Education institution,Russell Group Universities,8614
2022,2022 Q4,Visa,All other institutions,English language school,2698
2022,2022 Q4,Visa,All other institutions,Independent School,1395
2022,2022 Q4,Visa,All other institutions,Other,490
2022,2022 Q4,Visa,All other institutions,"Tertiary, Further education or other colleges",3668
2022,2022 Q4,Unknown,Higher Education institution,Non Russell Group Universities,6
2022,2022 Q4,Unknown,Higher Education institution,Russell Group Universities,3
2022,2022 Q4,Unknown,All other institutions,"Tertiary, Further education or other colleges",1
2022,2022 Q4,Extensions of stay,Higher Education institution,Non Russell Group Universities,7833
2022,2022 Q4,Extensions of stay,Higher Education institution,Russell Group Universities,11613
2022,2022 Q4,Extensions of stay,All other institutions,English language school,99
2022,2022 Q4,Extensions of stay,All other institutions,Independent School,945
2022,2022 Q4,Extensions of stay,All other institutions,Other,45
2022,2022 Q4,Extensions of stay,All other institutions,"Tertiary, Further education or other colleges",423
2023,2023 Q1,Visa,Higher Education institution,Non Russell Group Universities,42827
2023,2023 Q1,Visa,Higher Education institution,Russell Group Universities,3528
2023,2023 Q1,Visa,All other institutions,English language school,1235
2023,2023 Q1,Visa,All other institutions,Independent School,1088
2023,2023 Q1,Visa,All other institutions,Other,426
2023,2023 Q1,Visa,All other institutions,"Tertiary, Further education or other colleges",2160
2023,2023 Q1,Unknown,Higher Education institution,Non Russell Group Universities,11
2023,2023 Q1,Extensions of stay,Higher Education institution,Non Russell Group Universities,3752
2023,2023 Q1,Extensions of stay,Higher Education institution,Russell Group Universities,2395
2023,2023 Q1,Extensions of stay,All other institutions,English language school,31
2023,2023 Q1,Extensions of stay,All other institutions,Independent School,149
2023,2023 Q1,Extensions of stay,All other institutions,Other,14
2023,2023 Q1,Extensions of stay,All other institutions,"Tertiary, Further education or other colleges",75
2023,2023 Q2,Visa,Higher Education institution,Non Russell Group Universities,35381
2023,2023 Q2,Visa,Higher Education institution,Russell Group Universities,17358
2023,2023 Q2,Visa,All other institutions,English language school,640
2023,2023 Q2,Visa,All other institutions,Independent School,4018
2023,2023 Q2,Visa,All other institutions,Other,818
2023,2023 Q2,Visa,All other institutions,"Tertiary, Further education or other colleges",2420
2023,2023 Q2,Unknown,Higher Education institution,Non Russell Group Universities,4
2023,2023 Q2,Unknown,Higher Education institution,Russell Group Universities,1
2023,2023 Q2,Extensions of stay,Higher Education institution,Non Russell Group Universities,1800
2023,2023 Q2,Extensions of stay,Higher Education institution,Russell Group Universities,1183
2023,2023 Q2,Extensions of stay,All other institutions,English language school,12
2023,2023 Q2,Extensions of stay,All other institutions,Independent School,208
2023,2023 Q2,Extensions of stay,All other institutions,Other,22
2023,2023 Q2,Extensions of stay,All other institutions,"Tertiary, Further education or other colleges",49
2023,2023 Q3,Visa,Higher Education institution,Non Russell Group Universities,159177
2023,2023 Q3,Visa,Higher Education institution,Russell Group Universities,115905
2023,2023 Q3,Visa,All other institutions,English language school,4895
2023,2023 Q3,Visa,All other institutions,Independent School,9542
2023,2023 Q3,Visa,All other institutions,Other,1581
2023,2023 Q3,Visa,All other institutions,"Tertiary, Further education or other colleges",9464
2023,2023 Q3,Unknown,Higher Education institution,Non Russell Group Universities,10
2023,2023 Q3,Unknown,Higher Education institution,Russell Group Universities,3
2023,2023 Q3,Unknown,All other institutions,English language school,2
2023,2023 Q3,Unknown,All other institutions,Other,1
2023,2023 Q3,Unknown,All other institutions,"Tertiary, Further education or other colleges",1
2023,2023 Q3,Extensions of stay,Higher Education institution,Non Russell Group Universities,5224
2023,2023 Q3,Extensions of stay,Higher Education institution,Russell Group Universities,6605
2023,2023 Q3,Extensions of stay,All other institutions,English language school,33
2023,2023 Q3,Extensions of stay,All other institutions,Independent School,566
2023,2023 Q3,Extensions of stay,All other institutions,Other,48
2023,2023 Q3,Extensions of stay,All other institutions,"Tertiary, Further education or other colleges",542
2023,2023 Q4,Visa,Higher Education institution,Non Russell Group Universities,41786
2023,2023 Q4,Visa,Higher Education institution,Russell Group Universities,6130
2023,2023 Q4,Visa,All other institutions,English language school,2190
2023,2023 Q4,Visa,All other institutions,Independent School,1374
2023,2023 Q4,Visa,All other institutions,Other,516
2023,2023 Q4,Visa,All other institutions,"Tertiary, Further education or other colleges",3512
2023,2023 Q4,Unknown,Higher Education institution,Non Russell Group Universities,20
2023,2023 Q4,Unknown,Higher Education institution,Russell Group Universities,6
2023,2023 Q4,Unknown,All other institutions,English language school,1
2023,2023 Q4,Unknown,All other institutions,"Tertiary, Further education or other colleges",2
2023,2023 Q4,Extensions of stay,Higher Education institution,Non Russell Group Universities,5186
2023,2023 Q4,Extensions of stay,Higher Education institution,Russell Group Universities,6832
2023,2023 Q4,Extensions of stay,All other institutions,English language school,26
2023,2023 Q4,Extensions of stay,All other institutions,Independent School,485
2023,2023 Q4,Extensions of stay,All other institutions,Other,44
2023,2023 Q4,Extensions of stay,All other institutions,"Tertiary, Further education or other colleges",264
2024,2024 Q1,Visa,Higher Education institution,Non Russell Group Universities,35216
2024,2024 Q1,Visa,Higher Education institution,Russell Group Universities,2547
2024,2024 Q1,Visa,All other institutions,English language school,858
2024,2024 Q1,Visa,All other institutions,Independent School,712
2024,2024 Q1,Visa,All other institutions,Other,346
2024,2024 Q1,Visa,All other institutions,"Tertiary, Further education or other colleges",1505
2024,2024 Q1,Unknown,Higher Education institution,Non Russell Group Universities,21
2024,2024 Q1,Unknown,Higher Education institution,Russell Group Universities,11
2024,2024 Q1,Unknown,All other institutions,English language school,1
2024,2024 Q1,Unknown,All other institutions,"Tertiary, Further education or other colleges",1
2024,2024 Q1,Extensions of stay,Higher Education institution,Non Russell Group Universities,4212
2024,2024 Q1,Extensions of stay,Higher Education institution,Russell Group Universities,2282
2024,2024 Q1,Extensions of stay,All other institutions,English language school,19
2024,2024 Q1,Extensions of stay,All other institutions,Independent School,151
2024,2024 Q1,Extensions of stay,All other institutions,Other,18
2024,2024 Q1,Extensions of stay,All other institutions,"Tertiary, Further education or other colleges",72
2024,2024 Q2,Visa,Higher Education institution,Non Russell Group Universities,24302
2024,2024 Q2,Visa,Higher Education institution,Russell Group Universities,15443
2024,2024 Q2,Visa,All other institutions,English language school,651
2024,2024 Q2,Visa,All other institutions,Independent School,3222
2024,2024 Q2,Visa,All other institutions,Other,981
2024,2024 Q2,Visa,All other institutions,"Tertiary, Further education or other colleges",2077
2024,2024 Q2,Unknown,Higher Education institution,Non Russell Group Universities,6
2024,2024 Q2,Unknown,Higher Education institution,Russell Group Universities,3
2024,2024 Q2,Extensions of stay,Higher Education institution,Non Russell Group Universities,1895
2024,2024 Q2,Extensions of stay,Higher Education institution,Russell Group Universities,1041
2024,2024 Q2,Extensions of stay,All other institutions,English language school,4
2024,2024 Q2,Extensions of stay,All other institutions,Independent School,219
2024,2024 Q2,Extensions of stay,All other institutions,Other,22
2024,2024 Q2,Extensions of stay,All other institutions,"Tertiary, Further education or other colleges",33
2024,2024 Q3,Visa,Higher Education institution,Non Russell Group Universities,126398
2024,2024 Q3,Visa,Higher Education institution,Russell Group Universities,113777
2024,2024 Q3,Visa,All other institutions,English language school,4882
2024,2024 Q3,Visa,All other institutions,Independent School,10172
2024,2024 Q3,Visa,All other institutions,Other,2011
2024,2024 Q3,Visa,All other institutions,"Tertiary, Further education or other colleges",7845
2024,2024 Q3,Unknown,Higher Education institution,Non Russell Group Universities,6
2024,2024 Q3,Unknown,Higher Education institution,Russell Group Universities,7
2024,2024 Q3,Extensions of stay,Higher Education institution,Non Russell Group Universities,5883
2024,2024 Q3,Extensions of stay,Higher Education institution,Russell Group Universities,7483
2024,2024 Q3,Extensions of stay,All other institutions,English language school,70
2024,2024 Q3,Extensions of stay,All other institutions,Independent School,742
2024,2024 Q3,Extensions of stay,All other institutions,Other,61
2024,2024 Q3,Extensions of stay,All other institutions,"Tertiary, Further education or other colleges",555
2024,2024 Q4,Visa,Higher Education institution,Non Russell Group Universities,40974
2024,2024 Q4,Visa,Higher Education institution,Russell Group Universities,4449
2024,2024 Q4,Visa,All other institutions,English language school,1979
2024,2024 Q4,Visa,All other institutions,Independent School,1160
2024,2024 Q4,Visa,All other institutions,Other,452
2024,2024 Q4,Visa,All other institutions,"Tertiary, Further education or other colleges",2819
2024,2024 Q4,Unknown,Higher Education institution,Non Russell Group Universities,13
2024,2024 Q4,Unknown,Higher Education institution,Russell Group Universities,7
2024,2024 Q4,Extensions of stay,Higher Education institution,Non Russell Group Universities,6032
2024,2024 Q4,Extensions of stay,Higher Education institution,Russell Group Universities,7126
2024,2024 Q4,Extensions of stay,All other institutions,English language school,50
2024,2024 Q4,Extensions of stay,All other institutions,Independent School,428
2024,2024 Q4,Extensions of stay,All other institutions,Other,40
2024,2024 Q4,Extensions of stay,All other institutions,"Tertiary, Further education or other colleges",230
